{"first": 66.66666666666666, "second": 83.33333333333334, "third": 16.666666666666664, "allCorrect": 16.666666666666664, "total": 6, "totalAllCorrect": 1}