{"first": 71.42857142857143, "second": 85.71428571428571, "third": 28.57142857142857, "allCorrect": 28.57142857142857, "total": 7, "totalAllCorrect": 2}